genre,description
Dance,Dance music is known for its energetic rhythms and is often associated with vibrant dance floors and parties.
Hip-Hop,Hip-Hop is a timeless style that speaks to the soul and resonates with fans across generations.
Latin,"A powerful expression of identity, Latin thrives on individuality, raw energy, and cultural expression."
Piano,"With a global following, Piano continues to influence contemporary music across multiple genres."
Chill,"Chill stands out for its smooth harmonies, layered textures, and a blend of modern and classical influences."
Alt-Rock,"Listeners of Alt-Rock enjoy its emotional depth, unique instrumentation, and often its storytelling elements."
Pop,"Known for its bold attitude and distinctive beats, Pop has shaped musical culture around the world."
Garage,The Garage genre is characterized by its experimental nature and the freedom it gives artists to innovate.
Latino,"Latino is a genre that blends culture and sound, offering rich melodies and beats rooted in tradition."
Rock,"Rock captures a sense of place and emotion, often evoking nostalgia or transporting listeners through soundscapes."
Indie,Indie music is known for its energetic rhythms and is often associated with vibrant dance floors and parties.
Funk,Funk is a timeless style that speaks to the soul and resonates with fans across generations.
Hard-Rock,"A powerful expression of identity, Hard-Rock thrives on individuality, raw energy, and cultural expression."
Indian,"With a global following, Indian continues to influence contemporary music across multiple genres."
K-Pop,"K-Pop stands out for its smooth harmonies, layered textures, and a blend of modern and classical influences."
Soul,"Listeners of Soul enjoy its emotional depth, unique instrumentation, and often its storytelling elements."
Emo,"Known for its bold attitude and distinctive beats, Emo has shaped musical culture around the world."
Synth-Pop,The Synth-Pop genre is characterized by its experimental nature and the freedom it gives artists to innovate.
Country,"Country is a genre that blends culture and sound, offering rich melodies and beats rooted in tradition."
Indie-Pop,"Indie-Pop captures a sense of place and emotion, often evoking nostalgia or transporting listeners through soundscapes."
Alternative,Alternative music is known for its energetic rhythms and is often associated with vibrant dance floors and parties.
Edm,Edm is a timeless style that speaks to the soul and resonates with fans across generations.
Sleep,"A powerful expression of identity, Sleep thrives on individuality, raw energy, and cultural expression."
Club,"With a global following, Club continues to influence contemporary music across multiple genres."
Reggae,"Reggae stands out for its smooth harmonies, layered textures, and a blend of modern and classical influences."
J-Pop,"Listeners of J-Pop enjoy its emotional depth, unique instrumentation, and often its storytelling elements."
Electro,"Known for its bold attitude and distinctive beats, Electro has shaped musical culture around the world."
British,The British genre is characterized by its experimental nature and the freedom it gives artists to innovate.
Ambient,"Ambient is a genre that blends culture and sound, offering rich melodies and beats rooted in tradition."
German,"German captures a sense of place and emotion, often evoking nostalgia or transporting listeners through soundscapes."
Singer-Songwriter,Singer-Songwriter music is known for its energetic rhythms and is often associated with vibrant dance floors and parties.
Folk,Folk is a timeless style that speaks to the soul and resonates with fans across generations.
Anime,"A powerful expression of identity, Anime thrives on individuality, raw energy, and cultural expression."
Sad,"With a global following, Sad continues to influence contemporary music across multiple genres."
Acoustic,"Acoustic stands out for its smooth harmonies, layered textures, and a blend of modern and classical influences."
Brazil,"Listeners of Brazil enjoy its emotional depth, unique instrumentation, and often its storytelling elements."
House,"Known for its bold attitude and distinctive beats, House has shaped musical culture around the world."
R-N-B,The R-N-B genre is characterized by its experimental nature and the freedom it gives artists to innovate.
Spanish,"Spanish is a genre that blends culture and sound, offering rich melodies and beats rooted in tradition."
Hardcore,"Hardcore captures a sense of place and emotion, often evoking nostalgia or transporting listeners through soundscapes."
Disco,Disco music is known for its energetic rhythms and is often associated with vibrant dance floors and parties.
Punk-Rock,Punk-Rock is a timeless style that speaks to the soul and resonates with fans across generations.
Pop-Film,"A powerful expression of identity, Pop-Film thrives on individuality, raw energy, and cultural expression."
Blues,"With a global following, Blues continues to influence contemporary music across multiple genres."
Punk,"Punk stands out for its smooth harmonies, layered textures, and a blend of modern and classical influences."
French,"Listeners of French enjoy its emotional depth, unique instrumentation, and often its storytelling elements."
Chicago-House,"Known for its bold attitude and distinctive beats, Chicago-House has shaped musical culture around the world."
Swedish,The Swedish genre is characterized by its experimental nature and the freedom it gives artists to innovate.
Reggaeton,"Reggaeton is a genre that blends culture and sound, offering rich melodies and beats rooted in tradition."
J-Dance,"J-Dance captures a sense of place and emotion, often evoking nostalgia or transporting listeners through soundscapes."
Salsa,Salsa music is known for its energetic rhythms and is often associated with vibrant dance floors and parties.
Jazz,Jazz is a timeless style that speaks to the soul and resonates with fans across generations.
Children,"A powerful expression of identity, Children thrives on individuality, raw energy, and cultural expression."
Turkish,"With a global following, Turkish continues to influence contemporary music across multiple genres."
Grunge,"Grunge stands out for its smooth harmonies, layered textures, and a blend of modern and classical influences."
Psych-Rock,"Listeners of Psych-Rock enjoy its emotional depth, unique instrumentation, and often its storytelling elements."
Metal,"Known for its bold attitude and distinctive beats, Metal has shaped musical culture around the world."
Rock-N-Roll,The Rock-N-Roll genre is characterized by its experimental nature and the freedom it gives artists to innovate.
Deep-House,"Deep-House is a genre that blends culture and sound, offering rich melodies and beats rooted in tradition."
Industrial,"Industrial captures a sense of place and emotion, often evoking nostalgia or transporting listeners through soundscapes."
Comedy,Comedy music is known for its energetic rhythms and is often associated with vibrant dance floors and parties.
Power-Pop,Power-Pop is a timeless style that speaks to the soul and resonates with fans across generations.
Dancehall,"A powerful expression of identity, Dancehall thrives on individuality, raw energy, and cultural expression."
Show-Tunes,"With a global following, Show-Tunes continues to influence contemporary music across multiple genres."
Afrobeat,"Afrobeat stands out for its smooth harmonies, layered textures, and a blend of modern and classical influences."
Progressive-House,"Listeners of Progressive-House enjoy its emotional depth, unique instrumentation, and often its storytelling elements."
J-Rock,"Known for its bold attitude and distinctive beats, J-Rock has shaped musical culture around the world."
Party,The Party genre is characterized by its experimental nature and the freedom it gives artists to innovate.
Dub,"Dub is a genre that blends culture and sound, offering rich melodies and beats rooted in tradition."
Groove,"Groove captures a sense of place and emotion, often evoking nostalgia or transporting listeners through soundscapes."
Disney,Disney music is known for its energetic rhythms and is often associated with vibrant dance floors and parties.
Cantopop,Cantopop is a timeless style that speaks to the soul and resonates with fans across generations.
Mandopop,"A powerful expression of identity, Mandopop thrives on individuality, raw energy, and cultural expression."
Electronic,"With a global following, Electronic continues to influence contemporary music across multiple genres."
Trance,"Trance stands out for its smooth harmonies, layered textures, and a blend of modern and classical influences."
Classical,"Listeners of Classical enjoy its emotional depth, unique instrumentation, and often its storytelling elements."
Metalcore,"Known for its bold attitude and distinctive beats, Metalcore has shaped musical culture around the world."
Ska,The Ska genre is characterized by its experimental nature and the freedom it gives artists to innovate.
New-Age,"New-Age is a genre that blends culture and sound, offering rich melodies and beats rooted in tradition."
Techno,"Techno captures a sense of place and emotion, often evoking nostalgia or transporting listeners through soundscapes."
Opera,Opera music is known for its energetic rhythms and is often associated with vibrant dance floors and parties.
Rockabilly,Rockabilly is a timeless style that speaks to the soul and resonates with fans across generations.
Minimal-Techno,"A powerful expression of identity, Minimal-Techno thrives on individuality, raw energy, and cultural expression."
Drum-And-Bass,"With a global following, Drum-And-Bass continues to influence contemporary music across multiple genres."
Bluegrass,"Bluegrass stands out for its smooth harmonies, layered textures, and a blend of modern and classical influences."
World-Music,"Listeners of World-Music enjoy its emotional depth, unique instrumentation, and often its storytelling elements."
Breakbeat,"Known for its bold attitude and distinctive beats, Breakbeat has shaped musical culture around the world."
Mpb,The Mpb genre is characterized by its experimental nature and the freedom it gives artists to innovate.
Happy,"Happy is a genre that blends culture and sound, offering rich melodies and beats rooted in tradition."
Death-Metal,"Death-Metal captures a sense of place and emotion, often evoking nostalgia or transporting listeners through soundscapes."
Hardstyle,Hardstyle music is known for its energetic rhythms and is often associated with vibrant dance floors and parties.
Pagode,Pagode is a timeless style that speaks to the soul and resonates with fans across generations.
J-Idol,"A powerful expression of identity, J-Idol thrives on individuality, raw energy, and cultural expression."
Malay,"With a global following, Malay continues to influence contemporary music across multiple genres."
Trip-Hop,"Trip-Hop stands out for its smooth harmonies, layered textures, and a blend of modern and classical influences."
Samba,"Listeners of Samba enjoy its emotional depth, unique instrumentation, and often its storytelling elements."
Kids,"Known for its bold attitude and distinctive beats, Kids has shaped musical culture around the world."
Forro,The Forro genre is characterized by its experimental nature and the freedom it gives artists to innovate.
Heavy-Metal,"Heavy-Metal is a genre that blends culture and sound, offering rich melodies and beats rooted in tradition."
Goth,"Goth captures a sense of place and emotion, often evoking nostalgia or transporting listeners through soundscapes."
Sertanejo,Sertanejo music is known for its energetic rhythms and is often associated with vibrant dance floors and parties.
Guitar,Guitar is a timeless style that speaks to the soul and resonates with fans across generations.
Black-Metal,"A powerful expression of identity, Black-Metal thrives on individuality, raw energy, and cultural expression."
Detroit-Techno,"With a global following, Detroit-Techno continues to influence contemporary music across multiple genres."
Dubstep,"Dubstep stands out for its smooth harmonies, layered textures, and a blend of modern and classical influences."
Honky-Tonk,"Listeners of Honky-Tonk enjoy its emotional depth, unique instrumentation, and often its storytelling elements."
Study,"Known for its bold attitude and distinctive beats, Study has shaped musical culture around the world."
Idm,The Idm genre is characterized by its experimental nature and the freedom it gives artists to innovate.
Tango,"Tango is a genre that blends culture and sound, offering rich melodies and beats rooted in tradition."
Grindcore,"Grindcore captures a sense of place and emotion, often evoking nostalgia or transporting listeners through soundscapes."
Gospel,Gospel music is known for its energetic rhythms and is often associated with vibrant dance floors and parties.
Romance,Romance is a timeless style that speaks to the soul and resonates with fans across generations.
Iranian,"A powerful expression of identity, Iranian thrives on individuality, raw energy, and cultural expression."
